Date_Time,Period,Period_Time,Period_Time_Remaining,Event_Type,Event_Type_Secondary,x,y,Player_1,Player_1_Type,Player_1_Team,Player_2,Player_2_Type,Player_2_Team,Player_3,Player_3_Type,Player_3_Team,Player_4,Player_4_Type,Player_4_Team
2019-12-24T03:08:27Z,1,00:00,20:00,Faceoff,n/a,0.0,0.0,Riley Sheahan,Winner,Edmonton Oilers,J.T. Miller,Loser,Vancouver Canucks,n/a,n/a,n/a,n/a,n/a,n/a
2019-12-24T03:08:44Z,1,00:12,19:48,Giveaway,n/a,84.0,34.0,Jacob Markstrom,PlayerID,Vancouver Canucks,n/a,n/a,n/a,n/a,n/a,n/a,n/a,n/a,n/a
2019-12-24T03:09:36Z,1,01:04,18:56,Shot,Slap Shot,37.0,30.0,Ethan Bear,Shooter,Edmonton Oilers,Jacob Markstrom,Goalie,Vancouver Canucks,n/a,n/a,n/a,n/a,n/a,n/a
2019-12-24T03:09:46Z,1,01:13,18:47,Blocked Shot,n/a,-66.0,-18.0,Darnell Nurse,Blocker,Edmonton Oilers,Bo Horvat,Shooter,Vancouver Canucks,n/a,n/a,n/a,n/a,n/a,n/a
2019-12-24T03:10:08Z,1,01:36,18:24,Giveaway,n/a,-76.0,-39.0,Mikko Koskinen,PlayerID,Edmonton Oilers,n/a,n/a,n/a,n/a,n/a,n/a,n/a,n/a,n/a
2019-12-24T03:10:34Z,1,02:01,17:59,Shot,Wrist Shot,61.0,37.0,Kris Russell,Shooter,Edmonton Oilers,Jacob Markstrom,Goalie,Vancouver Canucks,n/a,n/a,n/a,n/a,n/a,n/a
2019-12-24T03:10:58Z,1,02:01,17:59,Faceoff,n/a,69.0,22.0,Gaetan Haas,Winner,Edmonton Oilers,Adam Gaudette,Loser,Vancouver Canucks,n/a,n/a,n/a,n/a,n/a,n/a
2019-12-24T03:11:26Z,1,02:22,17:38,Hit,n/a,64.0,39.0,Jake Virtanen,Hitter,Vancouver Canucks,Gaetan Haas,Hittee,Edmonton Oilers,n/a,n/a,n/a,n/a,n/a,n/a
2019-12-24T03:12:08Z,1,03:04,16:56,Shot,Slap Shot,34.0,19.0,Darnell Nurse,Shooter,Edmonton Oilers,Jacob Markstrom,Goalie,Vancouver Canucks,n/a,n/a,n/a,n/a,n/a,n/a
2019-12-24T03:12:34Z,1,03:30,16:30,Blocked Shot,n/a,66.0,-16.0,Elias Pettersson,Blocker,Vancouver Canucks,Leon Draisaitl,Shooter,Edmonton Oilers,n/a,n/a,n/a,n/a,n/a,n/a
2019-12-24T03:12:45Z,1,03:40,16:20,Hit,n/a,-31.0,37.0,Darnell Nurse,Hitter,Edmonton Oilers,Tanner Pearson,Hittee,Vancouver Canucks,n/a,n/a,n/a,n/a,n/a,n/a
2019-12-24T03:12:53Z,1,03:45,16:15,Blocked Shot,n/a,-73.0,1.0,Adam Larsson,Blocker,Edmonton Oilers,Quinn Hughes,Shooter,Vancouver Canucks,n/a,n/a,n/a,n/a,n/a,n/a
2019-12-24T03:13:30Z,1,03:47,16:13,Giveaway,n/a,-54.0,-23.0,Riley Sheahan,PlayerID,Edmonton Oilers,n/a,n/a,n/a,n/a,n/a,n/a,n/a,n/a,n/a
2019-12-24T03:12:54Z,1,03:49,16:11,Shot,Wrist Shot,-57.0,-16.0,Loui Eriksson,Shooter,Vancouver Canucks,Mikko Koskinen,Goalie,Edmonton Oilers,n/a,n/a,n/a,n/a,n/a,n/a
2019-12-24T03:13:11Z,1,03:49,16:11,Faceoff,n/a,-69.0,-22.0,Connor McDavid,Winner,Edmonton Oilers,Bo Horvat,Loser,Vancouver Canucks,n/a,n/a,n/a,n/a,n/a,n/a
2019-12-24T03:14:22Z,1,04:47,15:13,Hit,n/a,83.0,-38.0,James Neal,Hitter,Edmonton Oilers,Alexander Edler,Hittee,Vancouver Canucks,n/a,n/a,n/a,n/a,n/a,n/a
2019-12-24T03:14:31Z,1,04:56,15:04,Hit,n/a,-92.0,-31.0,J.T. Miller,Hitter,Vancouver Canucks,Darnell Nurse,Hittee,Edmonton Oilers,n/a,n/a,n/a,n/a,n/a,n/a
2019-12-24T03:14:37Z,1,05:01,14:59,Blocked Shot,n/a,-75.0,-9.0,Darnell Nurse,Blocker,Edmonton Oilers,Alexander Edler,Shooter,Vancouver Canucks,n/a,n/a,n/a,n/a,n/a,n/a
2019-12-24T03:15:21Z,1,05:45,14:15,Shot,Wrist Shot,69.0,35.0,Gaetan Haas,Shooter,Edmonton Oilers,Jacob Markstrom,Goalie,Vancouver Canucks,n/a,n/a,n/a,n/a,n/a,n/a
2019-12-24T03:15:42Z,1,05:45,14:15,Faceoff,n/a,69.0,22.0,Leon Draisaitl,Winner,Edmonton Oilers,Bo Horvat,Loser,Vancouver Canucks,n/a,n/a,n/a,n/a,n/a,n/a
2019-12-24T03:32:35Z,1,05:50,14:10,Blocked Shot,n/a,69.0,7.0,Loui Eriksson,Blocker,Vancouver Canucks,Oscar Klefbom,Shooter,Edmonton Oilers,n/a,n/a,n/a,n/a,n/a,n/a
2019-12-24T03:16:10Z,1,06:07,13:53,Shot,Wrist Shot,46.0,18.0,Adam Larsson,Shooter,Edmonton Oilers,Jacob Markstrom,Goalie,Vancouver Canucks,n/a,n/a,n/a,n/a,n/a,n/a
2019-12-24T03:17:07Z,1,07:03,12:57,Hit,n/a,-1.0,-40.0,Josh Archibald,Hitter,Edmonton Oilers,Tim Schaller,Hittee,Vancouver Canucks,n/a,n/a,n/a,n/a,n/a,n/a
2019-12-24T03:17:19Z,1,07:16,12:44,Hit,n/a,-47.0,-41.0,Josh Archibald,Hitter,Edmonton Oilers,Alexander Edler,Hittee,Vancouver Canucks,n/a,n/a,n/a,n/a,n/a,n/a
2019-12-24T03:17:30Z,1,07:27,12:33,Shot,Wrist Shot,-67.0,-33.0,Jake Virtanen,Shooter,Vancouver Canucks,Mikko Koskinen,Goalie,Edmonton Oilers,n/a,n/a,n/a,n/a,n/a,n/a
2019-12-24T03:17:32Z,1,07:29,12:31,Missed Shot,n/a,-68.0,20.0,Troy Stecher,Shooter,Vancouver Canucks,n/a,n/a,n/a,n/a,n/a,n/a,n/a,n/a,n/a
2019-12-24T03:18:00Z,1,07:56,12:04,Shot,Slap Shot,-57.0,33.0,Tyler Myers,Shooter,Vancouver Canucks,Mikko Koskinen,Goalie,Edmonton Oilers,n/a,n/a,n/a,n/a,n/a,n/a
2019-12-24T03:20:00Z,1,07:56,12:04,Faceoff,n/a,-69.0,22.0,Riley Sheahan,Winner,Edmonton Oilers,Antoine Roussel,Loser,Vancouver Canucks,n/a,n/a,n/a,n/a,n/a,n/a
2019-12-24T03:20:26Z,1,08:07,11:53,Hit,n/a,2.0,37.0,Tyler Myers,Hitter,Vancouver Canucks,Joakim Nygard,Hittee,Edmonton Oilers,n/a,n/a,n/a,n/a,n/a,n/a
2019-12-24T03:20:55Z,1,08:36,11:24,Hit,n/a,40.0,-40.0,Markus Granlund,Hitter,Edmonton Oilers,J.T. Miller,Hittee,Vancouver Canucks,n/a,n/a,n/a,n/a,n/a,n/a
2019-12-24T03:21:06Z,1,08:46,11:14,Shot,Wrist Shot,-64.0,11.0,Elias Pettersson,Shooter,Vancouver Canucks,Mikko Koskinen,Goalie,Edmonton Oilers,n/a,n/a,n/a,n/a,n/a,n/a
2019-12-24T03:21:31Z,1,09:11,10:49,Missed Shot,n/a,-48.0,-9.0,Elias Pettersson,Shooter,Vancouver Canucks,n/a,n/a,n/a,n/a,n/a,n/a,n/a,n/a,n/a
2019-12-24T03:21:38Z,1,09:14,10:46,Penalty,Slashing,-63.0,5.0,Gaetan Haas,PenaltyOn,Edmonton Oilers,Elias Pettersson,DrewBy,Vancouver Canucks,n/a,n/a,n/a,n/a,n/a,n/a
2019-12-24T03:22:07Z,1,09:14,10:46,Faceoff,n/a,-69.0,22.0,Adam Gaudette,Winner,Vancouver Canucks,Riley Sheahan,Loser,Edmonton Oilers,n/a,n/a,n/a,n/a,n/a,n/a
2019-12-24T03:22:18Z,1,09:21,10:39,Missed Shot,n/a,-49.0,-7.0,Tyler Myers,Shooter,Vancouver Canucks,n/a,n/a,n/a,n/a,n/a,n/a,n/a,n/a,n/a
2019-12-24T03:23:52Z,1,10:55,09:05,Blocked Shot,n/a,-68.0,3.0,Darnell Nurse,Blocker,Edmonton Oilers,Quinn Hughes,Shooter,Vancouver Canucks,n/a,n/a,n/a,n/a,n/a,n/a
2019-12-24T03:24:08Z,1,11:11,08:49,Shot,Wrist Shot,-80.0,14.0,Brock Boeser,Shooter,Vancouver Canucks,Mikko Koskinen,Goalie,Edmonton Oilers,n/a,n/a,n/a,n/a,n/a,n/a
2019-12-24T03:24:36Z,1,11:13,08:47,Faceoff,n/a,-69.0,22.0,Leon Draisaitl,Winner,Edmonton Oilers,Tyler Motte,Loser,Vancouver Canucks,n/a,n/a,n/a,n/a,n/a,n/a
2019-12-24T03:24:54Z,1,11:15,08:45,Goal,Wrist Shot,-74.0,8.0,Tyler Motte,Scorer,Vancouver Canucks,Mikko Koskinen,Goalie,Edmonton Oilers,n/a,n/a,n/a,n/a,n/a,n/a
2019-12-24T03:25:45Z,1,11:15,08:45,Faceoff,n/a,0.0,0.0,Jay Beagle,Winner,Vancouver Canucks,Connor McDavid,Loser,Edmonton Oilers,n/a,n/a,n/a,n/a,n/a,n/a
2019-12-24T03:26:44Z,1,12:28,07:32,Takeaway,n/a,-62.0,3.0,Ryan Nugent-Hopkins,PlayerID,Edmonton Oilers,n/a,n/a,n/a,n/a,n/a,n/a,n/a,n/a,n/a
2019-12-24T03:27:27Z,1,13:12,06:48,Hit,n/a,80.0,-38.0,Oscar Fantenberg,Hitter,Vancouver Canucks,Patrick Russell,Hittee,Edmonton Oilers,n/a,n/a,n/a,n/a,n/a,n/a
2019-12-24T03:27:32Z,1,13:17,06:43,Takeaway,n/a,38.0,-27.0,Antoine Roussel,PlayerID,Vancouver Canucks,n/a,n/a,n/a,n/a,n/a,n/a,n/a,n/a,n/a
2019-12-24T03:28:14Z,1,13:55,06:05,Giveaway,n/a,-85.0,13.0,Oscar Klefbom,PlayerID,Edmonton Oilers,n/a,n/a,n/a,n/a,n/a,n/a,n/a,n/a,n/a
2019-12-24T03:28:51Z,1,14:35,05:25,Missed Shot,n/a,-42.0,-7.0,Tanner Pearson,Shooter,Vancouver Canucks,n/a,n/a,n/a,n/a,n/a,n/a,n/a,n/a,n/a
2019-12-24T03:28:57Z,1,14:37,05:23,Missed Shot,n/a,-71.0,11.0,Tanner Pearson,Shooter,Vancouver Canucks,n/a,n/a,n/a,n/a,n/a,n/a,n/a,n/a,n/a
2019-12-24T03:29:19Z,1,15:03,04:57,Missed Shot,n/a,-39.0,30.0,Troy Stecher,Shooter,Vancouver Canucks,n/a,n/a,n/a,n/a,n/a,n/a,n/a,n/a,n/a
2019-12-24T03:29:24Z,1,15:09,04:51,Blocked Shot,n/a,-61.0,-29.0,Joakim Nygard,Blocker,Edmonton Oilers,Tanner Pearson,Shooter,Vancouver Canucks,n/a,n/a,n/a,n/a,n/a,n/a
2019-12-24T03:29:38Z,1,15:20,04:40,Blocked Shot,n/a,-77.0,-2.0,Caleb Jones,Blocker,Edmonton Oilers,Alexander Edler,Shooter,Vancouver Canucks,n/a,n/a,n/a,n/a,n/a,n/a
2019-12-24T03:29:56Z,1,15:40,04:20,Goal,Wrist Shot,70.0,9.0,Ryan Nugent-Hopkins,Scorer,Edmonton Oilers,Caleb Jones,Assist,Edmonton Oilers,Jacob Markstrom,Goalie,Vancouver Canucks,n/a,n/a,n/a
2019-12-24T03:30:26Z,1,15:40,04:20,Faceoff,n/a,0.0,0.0,Ryan Nugent-Hopkins,Winner,Edmonton Oilers,J.T. Miller,Loser,Vancouver Canucks,n/a,n/a,n/a,n/a,n/a,n/a
2019-12-24T03:32:07Z,1,17:09,02:51,Shot,Wrist Shot,-66.0,-32.0,Bo Horvat,Shooter,Vancouver Canucks,Mikko Koskinen,Goalie,Edmonton Oilers,n/a,n/a,n/a,n/a,n/a,n/a
2019-12-24T03:34:23Z,1,17:09,02:51,Faceoff,n/a,-69.0,-22.0,J.T. Miller,Winner,Vancouver Canucks,Gaetan Haas,Loser,Edmonton Oilers,n/a,n/a,n/a,n/a,n/a,n/a
2019-12-24T03:34:36Z,1,17:15,02:45,Blocked Shot,n/a,-79.0,4.0,Oscar Klefbom,Blocker,Edmonton Oilers,Troy Stecher,Shooter,Vancouver Canucks,n/a,n/a,n/a,n/a,n/a,n/a
2019-12-24T03:34:53Z,1,17:31,02:29,Blocked Shot,n/a,-67.0,6.0,Gaetan Haas,Blocker,Edmonton Oilers,Brock Boeser,Shooter,Vancouver Canucks,n/a,n/a,n/a,n/a,n/a,n/a
2019-12-24T03:35:23Z,1,17:41,02:19,Faceoff,n/a,-20.0,-22.0,Jay Beagle,Winner,Vancouver Canucks,Ryan Nugent-Hopkins,Loser,Edmonton Oilers,n/a,n/a,n/a,n/a,n/a,n/a
2019-12-24T03:35:49Z,1,17:59,02:01,Blocked Shot,n/a,59.0,21.0,Tyler Myers,Blocker,Vancouver Canucks,James Neal,Shooter,Edmonton Oilers,n/a,n/a,n/a,n/a,n/a,n/a
2019-12-24T03:35:55Z,1,18:05,01:55,Missed Shot,n/a,52.0,-26.0,Alex Chiasson,Shooter,Edmonton Oilers,n/a,n/a,n/a,n/a,n/a,n/a,n/a,n/a,n/a
2019-12-24T03:36:38Z,1,18:06,01:54,Shot,Wrist Shot,85.0,30.0,Kris Russell,Shooter,Edmonton Oilers,Jacob Markstrom,Goalie,Vancouver Canucks,n/a,n/a,n/a,n/a,n/a,n/a
2019-12-24T03:36:08Z,1,18:15,01:45,Shot,Wrist Shot,54.0,19.0,Ryan Nugent-Hopkins,Shooter,Edmonton Oilers,Jacob Markstrom,Goalie,Vancouver Canucks,n/a,n/a,n/a,n/a,n/a,n/a
2019-12-24T03:38:05Z,1,18:15,01:45,Faceoff,n/a,69.0,22.0,Connor McDavid,Winner,Edmonton Oilers,Bo Horvat,Loser,Vancouver Canucks,n/a,n/a,n/a,n/a,n/a,n/a
2019-12-24T03:39:03Z,1,18:46,01:14,Shot,Wrist Shot,71.0,-16.0,Leon Draisaitl,Shooter,Edmonton Oilers,Jacob Markstrom,Goalie,Vancouver Canucks,n/a,n/a,n/a,n/a,n/a,n/a
2019-12-24T03:39:27Z,1,18:46,01:14,Faceoff,n/a,69.0,-22.0,J.T. Miller,Winner,Vancouver Canucks,Ryan Nugent-Hopkins,Loser,Edmonton Oilers,n/a,n/a,n/a,n/a,n/a,n/a
2019-12-24T03:39:43Z,1,18:55,01:05,Takeaway,n/a,-62.0,-7.0,Oscar Klefbom,PlayerID,Edmonton Oilers,n/a,n/a,n/a,n/a,n/a,n/a,n/a,n/a,n/a
2019-12-24T03:42:38Z,1,18:57,01:03,Giveaway,n/a,-97.0,1.0,Adam Larsson,PlayerID,Edmonton Oilers,n/a,n/a,n/a,n/a,n/a,n/a,n/a,n/a,n/a
2019-12-24T03:59:12Z,2,00:00,20:00,Faceoff,n/a,0.0,0.0,J.T. Miller,Winner,Vancouver Canucks,Riley Sheahan,Loser,Edmonton Oilers,n/a,n/a,n/a,n/a,n/a,n/a
2019-12-24T03:59:26Z,2,00:22,19:38,Missed Shot,n/a,-78.0,0.0,Joakim Nygard,Shooter,Edmonton Oilers,n/a,n/a,n/a,n/a,n/a,n/a,n/a,n/a,n/a
2019-12-24T03:59:36Z,2,00:31,19:29,Shot,Wrist Shot,-58.0,8.0,Josh Archibald,Shooter,Edmonton Oilers,Jacob Markstrom,Goalie,Vancouver Canucks,n/a,n/a,n/a,n/a,n/a,n/a
2019-12-24T03:59:52Z,2,00:31,19:29,Faceoff,n/a,-69.0,22.0,Connor McDavid,Winner,Edmonton Oilers,Bo Horvat,Loser,Vancouver Canucks,n/a,n/a,n/a,n/a,n/a,n/a
2019-12-24T04:00:07Z,2,00:38,19:22,Shot,Slap Shot,-31.0,26.0,Ethan Bear,Shooter,Edmonton Oilers,Jacob Markstrom,Goalie,Vancouver Canucks,n/a,n/a,n/a,n/a,n/a,n/a
2019-12-24T04:00:21Z,2,00:52,19:08,Missed Shot,n/a,-44.0,-33.0,Darnell Nurse,Shooter,Edmonton Oilers,n/a,n/a,n/a,n/a,n/a,n/a,n/a,n/a,n/a
2019-12-24T04:00:30Z,2,01:01,18:59,Takeaway,n/a,-90.0,27.0,Connor McDavid,PlayerID,Edmonton Oilers,n/a,n/a,n/a,n/a,n/a,n/a,n/a,n/a,n/a
2019-12-24T04:00:39Z,2,01:10,18:50,Blocked Shot,n/a,-87.0,8.0,Quinn Hughes,Blocker,Vancouver Canucks,Zack Kassian,Shooter,Edmonton Oilers,n/a,n/a,n/a,n/a,n/a,n/a
2019-12-24T04:01:02Z,2,01:34,18:26,Takeaway,n/a,39.0,-25.0,Tyler Motte,PlayerID,Vancouver Canucks,n/a,n/a,n/a,n/a,n/a,n/a,n/a,n/a,n/a
2019-12-24T04:01:04Z,2,01:36,18:24,Shot,Backhand,67.0,-18.0,Tyler Motte,Shooter,Vancouver Canucks,Mikko Koskinen,Goalie,Edmonton Oilers,n/a,n/a,n/a,n/a,n/a,n/a
2019-12-24T04:01:09Z,2,01:41,18:19,Shot,Slap Shot,81.0,-23.0,Jay Beagle,Shooter,Vancouver Canucks,Mikko Koskinen,Goalie,Edmonton Oilers,n/a,n/a,n/a,n/a,n/a,n/a
2019-12-24T04:01:37Z,2,02:08,17:52,Blocked Shot,n/a,74.0,1.0,Darnell Nurse,Blocker,Edmonton Oilers,Oscar Fantenberg,Shooter,Vancouver Canucks,n/a,n/a,n/a,n/a,n/a,n/a
2019-12-24T04:01:52Z,2,02:11,17:49,Hit,n/a,55.0,-39.0,Tyler Motte,Hitter,Vancouver Canucks,James Neal,Hittee,Edmonton Oilers,n/a,n/a,n/a,n/a,n/a,n/a
2019-12-24T04:01:42Z,2,02:13,17:47,Missed Shot,n/a,37.0,-32.0,Tyler Myers,Shooter,Vancouver Canucks,n/a,n/a,n/a,n/a,n/a,n/a,n/a,n/a,n/a
2019-12-24T04:02:04Z,2,02:13,17:47,Faceoff,n/a,69.0,-22.0,Adam Gaudette,Winner,Vancouver Canucks,Gaetan Haas,Loser,Edmonton Oilers,n/a,n/a,n/a,n/a,n/a,n/a
2019-12-24T04:02:23Z,2,02:15,17:45,Penalty,Interference,67.0,2.0,Antoine Roussel,PenaltyOn,Vancouver Canucks,Caleb Jones,DrewBy,Edmonton Oilers,n/a,n/a,n/a,n/a,n/a,n/a
2019-12-24T04:02:54Z,2,02:15,17:45,Faceoff,n/a,-69.0,-22.0,Jay Beagle,Winner,Vancouver Canucks,Leon Draisaitl,Loser,Edmonton Oilers,n/a,n/a,n/a,n/a,n/a,n/a
2019-12-24T04:03:20Z,2,02:40,17:20,Missed Shot,n/a,-37.0,15.0,Leon Draisaitl,Shooter,Edmonton Oilers,n/a,n/a,n/a,n/a,n/a,n/a,n/a,n/a,n/a
2019-12-24T04:03:35Z,2,02:40,17:20,Faceoff,n/a,-69.0,22.0,Connor McDavid,Winner,Edmonton Oilers,Jay Beagle,Loser,Vancouver Canucks,n/a,n/a,n/a,n/a,n/a,n/a
2019-12-24T04:03:52Z,2,02:44,17:16,Blocked Shot,n/a,-74.0,0.0,Christopher Tanev,Blocker,Vancouver Canucks,Leon Draisaitl,Shooter,Edmonton Oilers,n/a,n/a,n/a,n/a,n/a,n/a
2019-12-24T04:04:02Z,2,02:53,17:07,Blocked Shot,n/a,-71.0,6.0,Jay Beagle,Blocker,Vancouver Canucks,Connor McDavid,Shooter,Edmonton Oilers,n/a,n/a,n/a,n/a,n/a,n/a
2019-12-24T04:04:11Z,2,03:02,16:58,Goal,Wrist Shot,-42.0,12.0,Oscar Klefbom,Scorer,Edmonton Oilers,Connor McDavid,Assist,Edmonton Oilers,Leon Draisaitl,Assist,Edmonton Oilers,Jacob Markstrom,Goalie,Vancouver Canucks
2019-12-24T04:05:09Z,2,03:02,16:58,Faceoff,n/a,0.0,0.0,J.T. Miller,Winner,Vancouver Canucks,Gaetan Haas,Loser,Edmonton Oilers,n/a,n/a,n/a,n/a,n/a,n/a
2019-12-24T04:05:31Z,2,03:36,16:24,Shot,Slap Shot,44.0,32.0,Oscar Fantenberg,Shooter,Vancouver Canucks,Mikko Koskinen,Goalie,Edmonton Oilers,n/a,n/a,n/a,n/a,n/a,n/a
2019-12-24T04:05:53Z,2,03:36,16:24,Faceoff,n/a,69.0,22.0,Adam Gaudette,Winner,Vancouver Canucks,Riley Sheahan,Loser,Edmonton Oilers,n/a,n/a,n/a,n/a,n/a,n/a
2019-12-24T04:06:21Z,2,03:57,16:03,Hit,n/a,-94.0,-27.0,Josh Archibald,Hitter,Edmonton Oilers,Oscar Fantenberg,Hittee,Vancouver Canucks,n/a,n/a,n/a,n/a,n/a,n/a
2019-12-24T04:07:13Z,2,04:22,15:38,Faceoff,n/a,69.0,22.0,J.T. Miller,Winner,Vancouver Canucks,Riley Sheahan,Loser,Edmonton Oilers,n/a,n/a,n/a,n/a,n/a,n/a
2019-12-24T04:07:23Z,2,04:31,15:29,Blocked Shot,n/a,70.0,-18.0,Kris Russell,Blocker,Edmonton Oilers,Tyler Myers,Shooter,Vancouver Canucks,n/a,n/a,n/a,n/a,n/a,n/a
2019-12-24T04:07:59Z,2,04:31,15:29,Faceoff,n/a,69.0,-22.0,Ryan Nugent-Hopkins,Winner,Edmonton Oilers,Bo Horvat,Loser,Vancouver Canucks,n/a,n/a,n/a,n/a,n/a,n/a
2019-12-24T04:08:59Z,2,05:17,14:43,Faceoff,n/a,-20.0,22.0,Jay Beagle,Winner,Vancouver Canucks,Connor McDavid,Loser,Edmonton Oilers,n/a,n/a,n/a,n/a,n/a,n/a
2019-12-24T04:09:31Z,2,05:46,14:14,Hit,n/a,-86.0,-37.0,Zack Kassian,Hitter,Edmonton Oilers,Christopher Tanev,Hittee,Vancouver Canucks,n/a,n/a,n/a,n/a,n/a,n/a
2019-12-24T04:10:16Z,2,06:28,13:32,Shot,Wrist Shot,-84.0,-10.0,Patrick Russell,Shooter,Edmonton Oilers,Jacob Markstrom,Goalie,Vancouver Canucks,n/a,n/a,n/a,n/a,n/a,n/a
2019-12-24T04:10:16Z,2,06:30,13:30,Shot,Wrist Shot,-82.0,-1.0,Gaetan Haas,Shooter,Edmonton Oilers,Jacob Markstrom,Goalie,Vancouver Canucks,n/a,n/a,n/a,n/a,n/a,n/a
2019-12-24T04:10:30Z,2,06:45,13:15,Hit,n/a,17.0,-41.0,Markus Granlund,Hitter,Edmonton Oilers,Troy Stecher,Hittee,Vancouver Canucks,n/a,n/a,n/a,n/a,n/a,n/a
2019-12-24T04:10:42Z,2,06:52,13:08,Shot,Wrist Shot,73.0,1.0,Gaetan Haas,Shooter,Edmonton Oilers,Jacob Markstrom,Goalie,Vancouver Canucks,n/a,n/a,n/a,n/a,n/a,n/a
2019-12-24T04:10:44Z,2,06:59,13:01,Hit,n/a,58.0,-30.0,Kris Russell,Hitter,Edmonton Oilers,Antoine Roussel,Hittee,Vancouver Canucks,n/a,n/a,n/a,n/a,n/a,n/a
2019-12-24T04:10:52Z,2,07:07,12:53,Hit,n/a,98.0,18.0,Antoine Roussel,Hitter,Vancouver Canucks,Caleb Jones,Hittee,Edmonton Oilers,n/a,n/a,n/a,n/a,n/a,n/a
2019-12-24T04:11:02Z,2,07:17,12:43,Blocked Shot,n/a,79.0,0.0,Caleb Jones,Blocker,Edmonton Oilers,Quinn Hughes,Shooter,Vancouver Canucks,n/a,n/a,n/a,n/a,n/a,n/a
2019-12-24T04:11:21Z,2,07:36,12:24,Shot,Wrist Shot,-56.0,-2.0,Josh Archibald,Shooter,Edmonton Oilers,Jacob Markstrom,Goalie,Vancouver Canucks,n/a,n/a,n/a,n/a,n/a,n/a
2019-12-24T04:11:27Z,2,07:42,12:18,Missed Shot,n/a,-49.0,-9.0,Josh Archibald,Shooter,Edmonton Oilers,n/a,n/a,n/a,n/a,n/a,n/a,n/a,n/a,n/a
2019-12-24T04:11:58Z,2,08:13,11:47,Shot,Slap Shot,35.0,16.0,Quinn Hughes,Shooter,Vancouver Canucks,Mikko Koskinen,Goalie,Edmonton Oilers,n/a,n/a,n/a,n/a,n/a,n/a
2019-12-24T04:12:10Z,2,08:25,11:35,Shot,Wrist Shot,76.0,8.0,Bo Horvat,Shooter,Vancouver Canucks,Mikko Koskinen,Goalie,Edmonton Oilers,n/a,n/a,n/a,n/a,n/a,n/a
2019-12-24T04:12:33Z,2,08:48,11:12,Hit,n/a,-29.0,-41.0,Tim Schaller,Hitter,Vancouver Canucks,Oscar Klefbom,Hittee,Edmonton Oilers,n/a,n/a,n/a,n/a,n/a,n/a
2019-12-24T04:12:47Z,2,09:02,10:58,Blocked Shot,n/a,78.0,-14.0,Oscar Klefbom,Blocker,Edmonton Oilers,Tyler Motte,Shooter,Vancouver Canucks,n/a,n/a,n/a,n/a,n/a,n/a
2019-12-24T04:12:54Z,2,09:08,10:52,Blocked Shot,n/a,75.0,7.0,Oscar Klefbom,Blocker,Edmonton Oilers,Oscar Fantenberg,Shooter,Vancouver Canucks,n/a,n/a,n/a,n/a,n/a,n/a
2019-12-24T04:13:13Z,2,09:27,10:33,Giveaway,n/a,-25.0,12.0,Tyler Motte,PlayerID,Vancouver Canucks,n/a,n/a,n/a,n/a,n/a,n/a,n/a,n/a,n/a
2019-12-24T04:13:26Z,2,09:40,10:20,Blocked Shot,n/a,-73.0,2.0,Oscar Fantenberg,Blocker,Vancouver Canucks,Leon Draisaitl,Shooter,Edmonton Oilers,n/a,n/a,n/a,n/a,n/a,n/a
2019-12-24T04:13:36Z,2,09:51,10:09,Blocked Shot,n/a,-47.0,0.0,Elias Pettersson,Blocker,Vancouver Canucks,Connor McDavid,Shooter,Edmonton Oilers,n/a,n/a,n/a,n/a,n/a,n/a
2019-12-24T04:14:17Z,2,10:32,09:28,Hit,n/a,92.0,-31.0,Tanner Pearson,Hitter,Vancouver Canucks,Gaetan Haas,Hittee,Edmonton Oilers,n/a,n/a,n/a,n/a,n/a,n/a
2019-12-24T04:14:25Z,2,10:40,09:20,Shot,Wrist Shot,63.0,21.0,Quinn Hughes,Shooter,Vancouver Canucks,Mikko Koskinen,Goalie,Edmonton Oilers,n/a,n/a,n/a,n/a,n/a,n/a
2019-12-24T04:15:10Z,2,11:25,08:35,Hit,n/a,57.0,41.0,Jake Virtanen,Hitter,Vancouver Canucks,James Neal,Hittee,Edmonton Oilers,n/a,n/a,n/a,n/a,n/a,n/a
2019-12-24T04:15:35Z,2,11:50,08:10,Hit,n/a,47.0,36.0,Darnell Nurse,Hitter,Edmonton Oilers,Antoine Roussel,Hittee,Vancouver Canucks,n/a,n/a,n/a,n/a,n/a,n/a
2019-12-24T04:16:45Z,2,11:58,08:02,Penalty,Fighting,62.0,35.0,Darnell Nurse,PenaltyOn,Edmonton Oilers,Antoine Roussel,DrewBy,Vancouver Canucks,n/a,n/a,n/a,n/a,n/a,n/a
2019-12-24T04:17:01Z,2,11:58,08:02,Penalty,Fighting,57.0,32.0,Antoine Roussel,PenaltyOn,Vancouver Canucks,Darnell Nurse,DrewBy,Edmonton Oilers,n/a,n/a,n/a,n/a,n/a,n/a
2019-12-24T04:18:43Z,2,11:58,08:02,Faceoff,n/a,20.0,22.0,Adam Gaudette,Winner,Vancouver Canucks,Riley Sheahan,Loser,Edmonton Oilers,n/a,n/a,n/a,n/a,n/a,n/a
2019-12-24T04:19:00Z,2,12:13,07:47,Takeaway,n/a,-70.0,5.0,Tyler Myers,PlayerID,Vancouver Canucks,n/a,n/a,n/a,n/a,n/a,n/a,n/a,n/a,n/a
2019-12-24T04:19:10Z,2,12:23,07:37,Shot,Wrist Shot,51.0,23.0,Adam Gaudette,Shooter,Vancouver Canucks,Mikko Koskinen,Goalie,Edmonton Oilers,n/a,n/a,n/a,n/a,n/a,n/a
2019-12-24T04:19:22Z,2,12:26,07:34,Missed Shot,n/a,78.0,-37.0,Tyler Myers,Shooter,Vancouver Canucks,n/a,n/a,n/a,n/a,n/a,n/a,n/a,n/a,n/a
2019-12-24T04:19:32Z,2,12:45,07:15,Shot,Wrist Shot,83.0,22.0,Tyler Myers,Shooter,Vancouver Canucks,Mikko Koskinen,Goalie,Edmonton Oilers,n/a,n/a,n/a,n/a,n/a,n/a
2019-12-24T04:20:07Z,2,13:20,06:40,Shot,Slap Shot,67.0,4.0,Loui Eriksson,Shooter,Vancouver Canucks,Mikko Koskinen,Goalie,Edmonton Oilers,n/a,n/a,n/a,n/a,n/a,n/a
2019-12-24T04:20:16Z,2,13:29,06:31,Shot,Wrist Shot,-50.0,-17.0,Ethan Bear,Shooter,Edmonton Oilers,Jacob Markstrom,Goalie,Vancouver Canucks,n/a,n/a,n/a,n/a,n/a,n/a
2019-12-24T04:20:47Z,2,14:00,06:00,Blocked Shot,n/a,49.0,-3.0,Patrick Russell,Blocker,Edmonton Oilers,Tim Schaller,Shooter,Vancouver Canucks,n/a,n/a,n/a,n/a,n/a,n/a
2019-12-24T04:22:53Z,2,14:00,06:00,Faceoff,n/a,69.0,-22.0,J.T. Miller,Winner,Vancouver Canucks,Gaetan Haas,Loser,Edmonton Oilers,n/a,n/a,n/a,n/a,n/a,n/a
2019-12-24T04:23:18Z,2,14:12,05:48,Shot,Deflected,77.0,2.0,Brock Boeser,Shooter,Vancouver Canucks,Mikko Koskinen,Goalie,Edmonton Oilers,n/a,n/a,n/a,n/a,n/a,n/a
2019-12-24T04:24:46Z,2,14:12,05:48,Penalty,Roughing,81.0,2.0,Patrick Russell,PenaltyOn,Edmonton Oilers,J.T. Miller,DrewBy,Vancouver Canucks,n/a,n/a,n/a,n/a,n/a,n/a
2019-12-24T04:25:02Z,2,14:12,05:48,Penalty,Interference - Goalkeeper,81.0,2.0,Elias Pettersson,PenaltyOn,Vancouver Canucks,Mikko Koskinen,DrewBy,Edmonton Oilers,n/a,n/a,n/a,n/a,n/a,n/a
2019-12-24T04:25:27Z,2,14:12,05:48,Faceoff,n/a,20.0,22.0,Leon Draisaitl,Winner,Edmonton Oilers,Bo Horvat,Loser,Vancouver Canucks,n/a,n/a,n/a,n/a,n/a,n/a
2019-12-24T04:25:40Z,2,14:42,05:18,Takeaway,n/a,-32.0,-39.0,J.T. Miller,PlayerID,Vancouver Canucks,n/a,n/a,n/a,n/a,n/a,n/a,n/a,n/a,n/a
2019-12-24T04:25:50Z,2,14:52,05:08,Blocked Shot,n/a,74.0,2.0,Oscar Klefbom,Blocker,Edmonton Oilers,Quinn Hughes,Shooter,Vancouver Canucks,n/a,n/a,n/a,n/a,n/a,n/a
2019-12-24T04:26:05Z,2,15:07,04:53,Shot,Wrist Shot,59.0,8.0,Quinn Hughes,Shooter,Vancouver Canucks,Mikko Koskinen,Goalie,Edmonton Oilers,n/a,n/a,n/a,n/a,n/a,n/a
2019-12-24T04:26:16Z,2,15:18,04:42,Hit,n/a,93.0,29.0,Oscar Klefbom,Hitter,Edmonton Oilers,Tyler Motte,Hittee,Vancouver Canucks,n/a,n/a,n/a,n/a,n/a,n/a
2019-12-24T04:26:41Z,2,15:44,04:16,Hit,n/a,26.0,-40.0,Alexander Edler,Hitter,Vancouver Canucks,Zack Kassian,Hittee,Edmonton Oilers,n/a,n/a,n/a,n/a,n/a,n/a
2019-12-24T04:27:08Z,2,16:10,03:50,Shot,Wrist Shot,-35.0,10.0,Ethan Bear,Shooter,Edmonton Oilers,Jacob Markstrom,Goalie,Vancouver Canucks,n/a,n/a,n/a,n/a,n/a,n/a
2019-12-24T04:27:22Z,2,16:19,03:41,Hit,n/a,-4.0,-38.0,Elias Pettersson,Hitter,Vancouver Canucks,Patrick Russell,Hittee,Edmonton Oilers,n/a,n/a,n/a,n/a,n/a,n/a
2019-12-24T04:27:18Z,2,16:20,03:40,Takeaway,n/a,-10.0,-41.0,Elias Pettersson,PlayerID,Vancouver Canucks,n/a,n/a,n/a,n/a,n/a,n/a,n/a,n/a,n/a
2019-12-24T04:27:59Z,2,17:01,02:59,Shot,Wrist Shot,-74.0,15.0,Patrick Russell,Shooter,Edmonton Oilers,Jacob Markstrom,Goalie,Vancouver Canucks,n/a,n/a,n/a,n/a,n/a,n/a
2019-12-24T04:48:41Z,2,17:02,02:58,Faceoff,n/a,-69.0,22.0,Jay Beagle,Winner,Vancouver Canucks,James Neal,Loser,Edmonton Oilers,n/a,n/a,n/a,n/a,n/a,n/a
2019-12-24T04:31:05Z,2,17:46,02:14,Shot,Backhand,-71.0,29.0,Darnell Nurse,Shooter,Edmonton Oilers,Jacob Markstrom,Goalie,Vancouver Canucks,n/a,n/a,n/a,n/a,n/a,n/a
2019-12-24T04:32:33Z,2,17:46,02:14,Faceoff,n/a,-69.0,22.0,Bo Horvat,Winner,Vancouver Canucks,Connor McDavid,Loser,Edmonton Oilers,n/a,n/a,n/a,n/a,n/a,n/a
2019-12-24T04:32:20Z,2,18:22,01:38,Blocked Shot,n/a,74.0,2.0,Adam Larsson,Blocker,Edmonton Oilers,Quinn Hughes,Shooter,Vancouver Canucks,n/a,n/a,n/a,n/a,n/a,n/a
2019-12-24T04:32:30Z,2,18:32,01:28,Blocked Shot,n/a,71.0,1.0,Zack Kassian,Blocker,Edmonton Oilers,Bo Horvat,Shooter,Vancouver Canucks,n/a,n/a,n/a,n/a,n/a,n/a
2019-12-24T04:32:43Z,2,18:46,01:14,Missed Shot,n/a,82.0,-9.0,Jake Virtanen,Shooter,Vancouver Canucks,n/a,n/a,n/a,n/a,n/a,n/a,n/a,n/a,n/a
2019-12-24T04:32:49Z,2,18:51,01:09,Shot,Wrist Shot,38.0,-30.0,Troy Stecher,Shooter,Vancouver Canucks,Mikko Koskinen,Goalie,Edmonton Oilers,n/a,n/a,n/a,n/a,n/a,n/a
2019-12-24T04:32:53Z,2,18:54,01:06,Shot,Wrist Shot,58.0,27.0,Elias Pettersson,Shooter,Vancouver Canucks,Mikko Koskinen,Goalie,Edmonton Oilers,n/a,n/a,n/a,n/a,n/a,n/a
2019-12-24T04:33:43Z,2,18:54,01:06,Faceoff,n/a,69.0,22.0,J.T. Miller,Winner,Vancouver Canucks,Riley Sheahan,Loser,Edmonton Oilers,n/a,n/a,n/a,n/a,n/a,n/a
2019-12-24T04:33:51Z,2,19:23,00:37,Hit,n/a,32.0,-38.0,Jake Virtanen,Hitter,Vancouver Canucks,Riley Sheahan,Hittee,Edmonton Oilers,n/a,n/a,n/a,n/a,n/a,n/a
2019-12-24T04:34:17Z,2,19:50,00:10,Hit,n/a,88.0,33.0,Antoine Roussel,Hitter,Vancouver Canucks,Ethan Bear,Hittee,Edmonton Oilers,n/a,n/a,n/a,n/a,n/a,n/a
2019-12-24T04:34:21Z,2,19:53,00:07,Missed Shot,n/a,50.0,-27.0,Troy Stecher,Shooter,Vancouver Canucks,n/a,n/a,n/a,n/a,n/a,n/a,n/a,n/a,n/a
2019-12-24T04:53:04Z,3,00:00,20:00,Faceoff,n/a,0.0,0.0,Riley Sheahan,Winner,Edmonton Oilers,J.T. Miller,Loser,Vancouver Canucks,n/a,n/a,n/a,n/a,n/a,n/a
2019-12-24T04:53:37Z,3,00:29,19:31,Hit,n/a,-97.0,-6.0,J.T. Miller,Hitter,Vancouver Canucks,Adam Larsson,Hittee,Edmonton Oilers,n/a,n/a,n/a,n/a,n/a,n/a
2019-12-24T04:54:11Z,3,01:03,18:57,Hit,n/a,88.0,35.0,Zack Kassian,Hitter,Edmonton Oilers,Quinn Hughes,Hittee,Vancouver Canucks,n/a,n/a,n/a,n/a,n/a,n/a
2019-12-24T04:54:29Z,3,01:21,18:39,Missed Shot,n/a,-60.0,-7.0,Tanner Pearson,Shooter,Vancouver Canucks,n/a,n/a,n/a,n/a,n/a,n/a,n/a,n/a,n/a
2019-12-24T04:54:42Z,3,01:33,18:27,Missed Shot,n/a,-48.0,-6.0,Tanner Pearson,Shooter,Vancouver Canucks,n/a,n/a,n/a,n/a,n/a,n/a,n/a,n/a,n/a
2019-12-24T04:55:10Z,3,01:33,18:27,Faceoff,n/a,-69.0,22.0,Ryan Nugent-Hopkins,Winner,Edmonton Oilers,Jay Beagle,Loser,Vancouver Canucks,n/a,n/a,n/a,n/a,n/a,n/a
2019-12-24T04:55:44Z,3,01:40,18:20,Faceoff,n/a,-20.0,22.0,Ryan Nugent-Hopkins,Winner,Edmonton Oilers,J.T. Miller,Loser,Vancouver Canucks,n/a,n/a,n/a,n/a,n/a,n/a
2019-12-24T04:56:00Z,3,01:54,18:06,Takeaway,n/a,-34.0,38.0,Kris Russell,PlayerID,Edmonton Oilers,n/a,n/a,n/a,n/a,n/a,n/a,n/a,n/a,n/a
2019-12-24T04:56:12Z,3,02:07,17:53,Blocked Shot,n/a,-67.0,-8.0,Caleb Jones,Blocker,Edmonton Oilers,J.T. Miller,Shooter,Vancouver Canucks,n/a,n/a,n/a,n/a,n/a,n/a
2019-12-24T04:57:03Z,3,02:57,17:03,Shot,Wrist Shot,-38.0,-31.0,Alexander Edler,Shooter,Vancouver Canucks,Mikko Koskinen,Goalie,Edmonton Oilers,n/a,n/a,n/a,n/a,n/a,n/a
2019-12-24T04:57:45Z,3,03:02,16:58,Faceoff,n/a,0.0,0.0,Riley Sheahan,Winner,Edmonton Oilers,Jay Beagle,Loser,Vancouver Canucks,n/a,n/a,n/a,n/a,n/a,n/a
2019-12-24T04:58:08Z,3,03:17,16:43,Giveaway,n/a,33.0,29.0,Tyler Motte,PlayerID,Vancouver Canucks,n/a,n/a,n/a,n/a,n/a,n/a,n/a,n/a,n/a
2019-12-24T04:58:19Z,3,03:18,16:42,Hit,n/a,24.0,39.0,Tyler Motte,Hitter,Vancouver Canucks,Riley Sheahan,Hittee,Edmonton Oilers,n/a,n/a,n/a,n/a,n/a,n/a
2019-12-24T04:59:03Z,3,04:11,15:49,Shot,Wrist Shot,-59.0,18.0,Tanner Pearson,Shooter,Vancouver Canucks,Mikko Koskinen,Goalie,Edmonton Oilers,n/a,n/a,n/a,n/a,n/a,n/a
2019-12-24T04:59:10Z,3,04:12,15:48,Goal,Deflected,-85.0,-5.0,Bo Horvat,Scorer,Vancouver Canucks,Tanner Pearson,Assist,Vancouver Canucks,Christopher Tanev,Assist,Vancouver Canucks,Mikko Koskinen,Goalie,Edmonton Oilers
2019-12-24T05:01:46Z,3,04:12,15:48,Faceoff,n/a,0.0,0.0,Ryan Nugent-Hopkins,Winner,Edmonton Oilers,Elias Pettersson,Loser,Vancouver Canucks,n/a,n/a,n/a,n/a,n/a,n/a
2019-12-24T05:02:24Z,3,04:29,15:31,Faceoff,n/a,69.0,22.0,Ryan Nugent-Hopkins,Winner,Edmonton Oilers,J.T. Miller,Loser,Vancouver Canucks,n/a,n/a,n/a,n/a,n/a,n/a
2019-12-24T05:03:26Z,3,05:26,14:34,Hit,n/a,-97.0,-22.0,Jay Beagle,Hitter,Vancouver Canucks,Kris Russell,Hittee,Edmonton Oilers,n/a,n/a,n/a,n/a,n/a,n/a
2019-12-24T05:03:35Z,3,05:35,14:25,Missed Shot,n/a,-73.0,-11.0,Jay Beagle,Shooter,Vancouver Canucks,n/a,n/a,n/a,n/a,n/a,n/a,n/a,n/a,n/a
2019-12-24T05:03:39Z,3,05:39,14:21,Hit,n/a,-98.0,-17.0,Tim Schaller,Hitter,Vancouver Canucks,Kris Russell,Hittee,Edmonton Oilers,n/a,n/a,n/a,n/a,n/a,n/a
2019-12-24T05:03:45Z,3,05:45,14:15,Blocked Shot,n/a,76.0,8.0,Tyler Motte,Blocker,Vancouver Canucks,Gaetan Haas,Shooter,Edmonton Oilers,n/a,n/a,n/a,n/a,n/a,n/a
2019-12-24T05:03:54Z,3,05:47,14:13,Blocked Shot,n/a,70.0,0.0,Tyler Motte,Blocker,Vancouver Canucks,Gaetan Haas,Shooter,Edmonton Oilers,n/a,n/a,n/a,n/a,n/a,n/a
2019-12-24T05:03:52Z,3,05:52,14:08,Shot,Wrist Shot,86.0,-11.0,Patrick Russell,Shooter,Edmonton Oilers,Jacob Markstrom,Goalie,Vancouver Canucks,n/a,n/a,n/a,n/a,n/a,n/a
2019-12-24T05:04:11Z,3,06:08,13:52,Blocked Shot,n/a,72.0,-4.0,Alexander Edler,Blocker,Vancouver Canucks,Caleb Jones,Shooter,Edmonton Oilers,n/a,n/a,n/a,n/a,n/a,n/a
2019-12-24T05:04:36Z,3,06:22,13:38,Faceoff,n/a,69.0,22.0,Bo Horvat,Winner,Vancouver Canucks,Leon Draisaitl,Loser,Edmonton Oilers,n/a,n/a,n/a,n/a,n/a,n/a
2019-12-24T05:05:13Z,3,06:51,13:09,Missed Shot,n/a,59.0,-3.0,Leon Draisaitl,Shooter,Edmonton Oilers,n/a,n/a,n/a,n/a,n/a,n/a,n/a,n/a,n/a
2019-12-24T05:05:22Z,3,07:00,13:00,Shot,Backhand,78.0,4.0,Zack Kassian,Shooter,Edmonton Oilers,Jacob Markstrom,Goalie,Vancouver Canucks,n/a,n/a,n/a,n/a,n/a,n/a
2019-12-24T05:07:20Z,3,07:07,12:53,Faceoff,n/a,69.0,-22.0,Connor McDavid,Winner,Edmonton Oilers,Bo Horvat,Loser,Vancouver Canucks,n/a,n/a,n/a,n/a,n/a,n/a
2019-12-24T05:07:43Z,3,07:12,12:48,Shot,Backhand,83.0,-34.0,Connor McDavid,Shooter,Edmonton Oilers,Jacob Markstrom,Goalie,Vancouver Canucks,n/a,n/a,n/a,n/a,n/a,n/a
2019-12-24T05:08:00Z,3,07:29,12:31,Takeaway,n/a,-47.0,35.0,Tanner Pearson,PlayerID,Vancouver Canucks,n/a,n/a,n/a,n/a,n/a,n/a,n/a,n/a,n/a
2019-12-24T05:08:08Z,3,07:37,12:23,Hit,n/a,81.0,-39.0,Tanner Pearson,Hitter,Vancouver Canucks,Leon Draisaitl,Hittee,Edmonton Oilers,n/a,n/a,n/a,n/a,n/a,n/a
2019-12-24T05:08:24Z,3,07:53,12:07,Shot,Wrist Shot,71.0,12.0,Darnell Nurse,Shooter,Edmonton Oilers,Jacob Markstrom,Goalie,Vancouver Canucks,n/a,n/a,n/a,n/a,n/a,n/a
2019-12-24T05:08:39Z,3,07:53,12:07,Penalty,Holding,70.0,-38.0,Tanner Pearson,PenaltyOn,Vancouver Canucks,Leon Draisaitl,DrewBy,Edmonton Oilers,n/a,n/a,n/a,n/a,n/a,n/a
2019-12-24T05:09:05Z,3,07:53,12:07,Faceoff,n/a,69.0,22.0,Jay Beagle,Winner,Vancouver Canucks,Leon Draisaitl,Loser,Edmonton Oilers,n/a,n/a,n/a,n/a,n/a,n/a
2019-12-24T05:09:49Z,3,08:29,11:31,Takeaway,n/a,4.0,-1.0,Connor McDavid,PlayerID,Edmonton Oilers,n/a,n/a,n/a,n/a,n/a,n/a,n/a,n/a,n/a
2019-12-24T05:10:03Z,3,08:45,11:15,Blocked Shot,n/a,64.0,6.0,Tyler Motte,Blocker,Vancouver Canucks,Oscar Klefbom,Shooter,Edmonton Oilers,n/a,n/a,n/a,n/a,n/a,n/a
2019-12-24T05:10:13Z,3,08:56,11:04,Shot,Backhand,81.0,-12.0,Connor McDavid,Shooter,Edmonton Oilers,Jacob Markstrom,Goalie,Vancouver Canucks,n/a,n/a,n/a,n/a,n/a,n/a
2019-12-24T05:11:12Z,3,09:54,10:06,Hit,n/a,38.0,-40.0,Tyler Motte,Hitter,Vancouver Canucks,Gaetan Haas,Hittee,Edmonton Oilers,n/a,n/a,n/a,n/a,n/a,n/a
2019-12-24T05:11:39Z,3,10:21,09:39,Hit,n/a,43.0,28.0,Elias Pettersson,Hitter,Vancouver Canucks,Darnell Nurse,Hittee,Edmonton Oilers,n/a,n/a,n/a,n/a,n/a,n/a
2019-12-24T05:11:59Z,3,10:41,09:19,Missed Shot,n/a,58.0,20.0,Riley Sheahan,Shooter,Edmonton Oilers,n/a,n/a,n/a,n/a,n/a,n/a,n/a,n/a,n/a
2019-12-24T05:12:11Z,3,10:52,09:08,Missed Shot,n/a,34.0,-36.0,Adam Larsson,Shooter,Edmonton Oilers,n/a,n/a,n/a,n/a,n/a,n/a,n/a,n/a,n/a
2019-12-24T05:14:10Z,3,10:52,09:08,Faceoff,n/a,69.0,-22.0,J.T. Miller,Winner,Vancouver Canucks,Ryan Nugent-Hopkins,Loser,Edmonton Oilers,n/a,n/a,n/a,n/a,n/a,n/a
2019-12-24T05:17:31Z,3,11:08,08:52,Shot,Deflected,-81.0,1.0,J.T. Miller,Shooter,Vancouver Canucks,Mikko Koskinen,Goalie,Edmonton Oilers,n/a,n/a,n/a,n/a,n/a,n/a
2019-12-24T05:15:19Z,3,11:38,08:22,Faceoff,n/a,-69.0,-22.0,Bo Horvat,Winner,Vancouver Canucks,Ryan Nugent-Hopkins,Loser,Edmonton Oilers,n/a,n/a,n/a,n/a,n/a,n/a
2019-12-24T05:15:47Z,3,11:51,08:09,Shot,Wrist Shot,-16.0,-36.0,Alexander Edler,Shooter,Vancouver Canucks,Mikko Koskinen,Goalie,Edmonton Oilers,n/a,n/a,n/a,n/a,n/a,n/a
2019-12-24T05:16:12Z,3,11:52,08:08,Faceoff,n/a,-69.0,-22.0,J.T. Miller,Winner,Vancouver Canucks,Gaetan Haas,Loser,Edmonton Oilers,n/a,n/a,n/a,n/a,n/a,n/a
2019-12-24T05:16:53Z,3,12:24,07:36,Hit,n/a,-98.0,-13.0,J.T. Miller,Hitter,Vancouver Canucks,Gaetan Haas,Hittee,Edmonton Oilers,n/a,n/a,n/a,n/a,n/a,n/a
2019-12-24T05:16:57Z,3,12:29,07:31,Blocked Shot,n/a,-71.0,-3.0,Oscar Klefbom,Blocker,Edmonton Oilers,Quinn Hughes,Shooter,Vancouver Canucks,n/a,n/a,n/a,n/a,n/a,n/a
2019-12-24T05:17:26Z,3,12:43,07:17,Penalty,Too many men on the ice,-50.0,24.0,Joakim Nygard,PenaltyOn,Edmonton Oilers,n/a,n/a,n/a,n/a,n/a,n/a,n/a,n/a,n/a
2019-12-24T05:17:58Z,3,12:43,07:17,Faceoff,n/a,-69.0,22.0,Riley Sheahan,Winner,Edmonton Oilers,Adam Gaudette,Loser,Vancouver Canucks,n/a,n/a,n/a,n/a,n/a,n/a
2019-12-24T05:17:58Z,3,12:49,07:11,Shot,Slap Shot,-93.0,12.0,Ethan Bear,Shooter,Edmonton Oilers,Jacob Markstrom,Goalie,Vancouver Canucks,n/a,n/a,n/a,n/a,n/a,n/a
2019-12-24T05:18:57Z,3,13:12,06:48,Faceoff,n/a,-20.0,22.0,Bo Horvat,Winner,Vancouver Canucks,Ryan Nugent-Hopkins,Loser,Edmonton Oilers,n/a,n/a,n/a,n/a,n/a,n/a
2019-12-24T05:19:30Z,3,13:48,06:12,Goal,Slap Shot,-39.0,-2.0,Quinn Hughes,Scorer,Vancouver Canucks,J.T. Miller,Assist,Vancouver Canucks,Brock Boeser,Assist,Vancouver Canucks,Mikko Koskinen,Goalie,Edmonton Oilers
2019-12-24T05:20:22Z,3,13:48,06:12,Faceoff,n/a,0.0,0.0,Leon Draisaitl,Winner,Edmonton Oilers,Bo Horvat,Loser,Vancouver Canucks,n/a,n/a,n/a,n/a,n/a,n/a
2019-12-24T05:21:31Z,3,14:58,05:02,Shot,Wrist Shot,81.0,-26.0,Alex Chiasson,Shooter,Edmonton Oilers,Jacob Markstrom,Goalie,Vancouver Canucks,n/a,n/a,n/a,n/a,n/a,n/a
2019-12-24T05:21:44Z,3,15:11,04:49,Blocked Shot,n/a,62.0,-11.0,Alexander Edler,Blocker,Vancouver Canucks,James Neal,Shooter,Edmonton Oilers,n/a,n/a,n/a,n/a,n/a,n/a
2019-12-24T05:21:52Z,3,15:19,04:41,Blocked Shot,n/a,58.0,-11.0,J.T. Miller,Blocker,Vancouver Canucks,Kris Russell,Shooter,Edmonton Oilers,n/a,n/a,n/a,n/a,n/a,n/a
2019-12-24T05:24:03Z,3,15:25,04:35,Faceoff,n/a,-20.0,22.0,Bo Horvat,Winner,Vancouver Canucks,Leon Draisaitl,Loser,Edmonton Oilers,n/a,n/a,n/a,n/a,n/a,n/a
2019-12-24T05:24:51Z,3,16:09,03:51,Blocked Shot,n/a,-74.0,5.0,Oscar Klefbom,Blocker,Edmonton Oilers,Tim Schaller,Shooter,Vancouver Canucks,n/a,n/a,n/a,n/a,n/a,n/a
2019-12-24T05:25:30Z,3,16:49,03:11,Shot,Wrist Shot,67.0,13.0,Ryan Nugent-Hopkins,Shooter,Edmonton Oilers,Jacob Markstrom,Goalie,Vancouver Canucks,n/a,n/a,n/a,n/a,n/a,n/a
2019-12-24T05:26:17Z,3,16:49,03:11,Faceoff,n/a,69.0,22.0,J.T. Miller,Winner,Vancouver Canucks,Ryan Nugent-Hopkins,Loser,Edmonton Oilers,n/a,n/a,n/a,n/a,n/a,n/a
2019-12-24T05:26:18Z,3,17:01,02:59,Blocked Shot,n/a,47.0,11.0,J.T. Miller,Blocker,Vancouver Canucks,Darnell Nurse,Shooter,Edmonton Oilers,n/a,n/a,n/a,n/a,n/a,n/a
2019-12-24T05:26:32Z,3,17:15,02:45,Shot,Slap Shot,-83.0,-10.0,Jake Virtanen,Shooter,Vancouver Canucks,Mikko Koskinen,Goalie,Edmonton Oilers,n/a,n/a,n/a,n/a,n/a,n/a
2019-12-24T05:27:11Z,3,17:54,02:06,Missed Shot,n/a,-65.0,3.0,Jay Beagle,Shooter,Vancouver Canucks,n/a,n/a,n/a,n/a,n/a,n/a,n/a,n/a,n/a
2019-12-24T05:27:41Z,3,18:24,01:36,Takeaway,n/a,32.0,-39.0,Tanner Pearson,PlayerID,Vancouver Canucks,n/a,n/a,n/a,n/a,n/a,n/a,n/a,n/a,n/a
2019-12-24T05:29:20Z,3,18:46,01:14,Faceoff,n/a,69.0,22.0,Bo Horvat,Winner,Vancouver Canucks,Leon Draisaitl,Loser,Edmonton Oilers,n/a,n/a,n/a,n/a,n/a,n/a
2019-12-24T05:29:30Z,3,19:00,01:00,Hit,n/a,33.0,38.0,Connor McDavid,Hitter,Edmonton Oilers,Christopher Tanev,Hittee,Vancouver Canucks,n/a,n/a,n/a,n/a,n/a,n/a
2019-12-24T05:29:51Z,3,19:21,00:39,Shot,Wrist Shot,74.0,19.0,Oscar Klefbom,Shooter,Edmonton Oilers,Jacob Markstrom,Goalie,Vancouver Canucks,n/a,n/a,n/a,n/a,n/a,n/a
2019-12-24T05:30:19Z,3,19:46,00:14,Goal,Wrist Shot,-68.0,4.0,Loui Eriksson,Scorer,Vancouver Canucks,Alexander Edler,Assist,Vancouver Canucks,Tanner Pearson,Assist,Edmonton Oilers,n/a,n/a,n/a
2019-12-24T05:31:05Z,3,19:46,00:14,Faceoff,n/a,0.0,0.0,Jay Beagle,Winner,Vancouver Canucks,Gaetan Haas,Loser,Edmonton Oilers,n/a,n/a,n/a,n/a,n/a,n/a
